timeStamp,elapsed,label,responseCode,responseMessage,threadName,dataType,success,failureMessage,bytes,sentBytes,grpThreads,allThreads,URL,Latency,IdleTime,Connect
1774414839795,0,Enter URl,200,"Number of samples in transaction : 1, number of failing samples : 0",,,true,,0,0,0,0,null,0,42689,0
1774414840786,0,Enter URl,200,"Number of samples in transaction : 1, number of failing samples : 0",,,true,,0,0,0,0,null,0,42452,0
1774414842782,0,Enter URl,200,"Number of samples in transaction : 1, number of failing samples : 0",,,true,,0,0,0,0,null,0,41722,0
1774414841784,0,Enter URl,200,"Number of samples in transaction : 1, number of failing samples : 0",,,true,,0,0,0,0,null,0,43666,0
1774414843783,0,Enter URl,200,"Number of samples in transaction : 1, number of failing samples : 0",,,true,,0,0,0,0,null,0,42885,0
1774414844782,0,Enter URl,200,"Number of samples in transaction : 1, number of failing samples : 0",,,true,,0,0,0,0,null,0,42664,0
1774414845782,0,Enter URl,200,"Number of samples in transaction : 1, number of failing samples : 0",,,true,,0,0,0,0,null,0,41664,0
1774414846781,0,Enter URl,200,"Number of samples in transaction : 1, number of failing samples : 0",,,true,,0,0,0,0,null,0,41843,0
1774414848779,0,Enter URl,200,"Number of samples in transaction : 1, number of failing samples : 0",,,true,,0,0,0,0,null,0,40798,0
1774414847780,0,Enter URl,200,"Number of samples in transaction : 1, number of failing samples : 0",,,true,,0,0,0,0,null,0,42028,0
1774414883238,0,"Enter Location, In&OutDate , & Headcount",200,"Number of samples in transaction : 3, number of failing samples : 0",,,true,,0,0,0,0,null,0,122335,0
1774414884504,0,"Enter Location, In&OutDate , & Headcount",200,"Number of samples in transaction : 3, number of failing samples : 0",,,true,,0,0,0,0,null,0,121226,0
1774414882484,0,"Enter Location, In&OutDate , & Headcount",200,"Number of samples in transaction : 3, number of failing samples : 0",,,true,,0,0,0,0,null,0,123315,0
1774414885450,0,"Enter Location, In&OutDate , & Headcount",200,"Number of samples in transaction : 3, number of failing samples : 0",,,true,,0,0,0,0,null,0,120610,0
1774414888624,0,"Enter Location, In&OutDate , & Headcount",200,"Number of samples in transaction : 3, number of failing samples : 0",,,true,,0,0,0,0,null,0,120120,0
1774414887446,0,"Enter Location, In&OutDate , & Headcount",200,"Number of samples in transaction : 3, number of failing samples : 0",,,true,,0,0,0,0,null,0,121754,0
1774414886668,0,"Enter Location, In&OutDate , & Headcount",200,"Number of samples in transaction : 3, number of failing samples : 0",,,true,,0,0,0,0,null,0,123108,0
1774414887446,0,"Enter Location, In&OutDate , & Headcount",200,"Number of samples in transaction : 3, number of failing samples : 0",,,true,,0,0,0,0,null,0,122391,0
1774414889808,0,"Enter Location, In&OutDate , & Headcount",200,"Number of samples in transaction : 3, number of failing samples : 0",,,true,,0,0,0,0,null,0,120251,0
1774414889577,0,"Enter Location, In&OutDate , & Headcount",200,"Number of samples in transaction : 3, number of failing samples : 0",,,true,,0,0,0,0,null,0,123575,0
1774415006061,0,"Enter Location, In&OutDate , & Headcount",200,"Number of samples in transaction : 3, number of failing samples : 0",,,true,,0,0,0,0,null,0,110739,0
1774414841784,7744,User Journey – Activity Booking,200,"Number of samples in transaction : 7, number of failing samples : 0",Xploria-Des 1-3,,true,,7799,5576,10,10,null,0,267272,1100
1774414882876,2573,Enter URl-1,200,OK,Xploria-Des 1-3,text,true,,647,865,10,10,https://activity-xploria.lovable.app/~api/analytics,2573,0,25
1774414936676,807,"Enter Location, In&OutDate , & Headcount-1",200,OK,Xploria-Des 1-3,text,true,,798,544,10,10,https://autosuggest.travel.zentrumhub.com/api/locations/locationcontent/autosuggest?term=Du&locationTypes=4,807,0,529
1774414971892,276,"Enter Location, In&OutDate , & Headcount-2",200,OK,Xploria-Des 1-3,text,true,,2331,547,10,10,https://autosuggest.travel.zentrumhub.com/api/locations/locationcontent/autosuggest?term=Dubai&locationTypes=4,276,0,0
1774415005298,762,"Enter Location, In&OutDate , & Headcount-3",200,OK,Xploria-Des 1-3,text,true,,2332,580,10,10,https://autosuggest.travel.zentrumhub.com/api/locations/locationcontent/autosuggest?term=Dubai%2C+Dubai%2C+United+Arab+Emirates&locationTypes=4,762,0,501
1774415045692,38,"Enter Location, In&OutDate , & Headcount-4",204,No Content,Xploria-Des 1-3,,true,,597,625,10,10,https://activity-api.dev.prod.zentrumhub.com/api/activity/availability,0,0,26
1774415080458,771,"Enter Location, In&OutDate , & Headcount-5",200,OK,Xploria-Des 1-3,text,true,,753,911,10,10,https://activity-api.dev.prod.zentrumhub.com/api/activity/availability,771,0,0
1774415114282,2517,"Enter Location, In&OutDate , & Headcount-6",200,OK,Xploria-Des 1-3,text,true,,341,1504,10,10,https://activity-xploria.lovable.app/~api/analytics,2517,0,19
1774415005573,0,"Enter Location, In&OutDate , & Headcount",200,"Number of samples in transaction : 3, number of failing samples : 0",,,true,,0,0,0,0,null,0,111228,0
1774414840786,9400,User Journey – Activity Booking,200,"Number of samples in transaction : 7, number of failing samples : 0",Xploria-Des 1-2,,true,,7800,5576,10,10,null,0,266615,1123
1774414880748,2489,Enter URl-1,200,OK,Xploria-Des 1-2,text,true,,647,865,10,10,https://activity-xploria.lovable.app/~api/analytics,2489,0,34
1774414934701,776,"Enter Location, In&OutDate , & Headcount-1",200,OK,Xploria-Des 1-2,text,true,,797,544,10,10,https://autosuggest.travel.zentrumhub.com/api/locations/locationcontent/autosuggest?term=Du&locationTypes=4,776,0,515
1774414970373,261,"Enter Location, In&OutDate , & Headcount-2",200,OK,Xploria-Des 1-2,text,true,,2332,547,10,10,https://autosuggest.travel.zentrumhub.com/api/locations/locationcontent/autosuggest?term=Dubai&locationTypes=4,261,0,0
1774415004783,790,"Enter Location, In&OutDate , & Headcount-3",200,OK,Xploria-Des 1-2,text,true,,2332,580,10,10,https://autosuggest.travel.zentrumhub.com/api/locations/locationcontent/autosuggest?term=Dubai%2C+Dubai%2C+United+Arab+Emirates&locationTypes=4,790,0,516
1774415045542,47,"Enter Location, In&OutDate , & Headcount-4",204,No Content,Xploria-Des 1-2,,true,,597,625,10,10,https://activity-api.dev.prod.zentrumhub.com/api/activity/availability,0,0,36
1774415078630,2606,"Enter Location, In&OutDate , & Headcount-5",200,OK,Xploria-Des 1-2,text,true,,754,911,10,10,https://activity-api.dev.prod.zentrumhub.com/api/activity/availability,2606,0,0
1774415114370,2431,"Enter Location, In&OutDate , & Headcount-6",200,OK,Xploria-Des 1-2,text,true,,341,1504,10,10,https://activity-xploria.lovable.app/~api/analytics,2431,0,22
1774415005799,0,"Enter Location, In&OutDate , & Headcount",200,"Number of samples in transaction : 3, number of failing samples : 0",,,true,,0,0,0,0,null,0,111005,0
1774414839795,7240,User Journey – Activity Booking,200,"Number of samples in transaction : 7, number of failing samples : 0",Xploria-Des 1-1,,true,,7799,5575,10,10,null,0,269770,1432
1774414880145,2336,Enter URl-1,200,OK,Xploria-Des 1-1,text,true,,646,865,10,10,https://activity-xploria.lovable.app/~api/analytics,2336,0,377
1774414934522,783,"Enter Location, In&OutDate , & Headcount-1",200,OK,Xploria-Des 1-1,text,true,,798,544,10,10,https://autosuggest.travel.zentrumhub.com/api/locations/locationcontent/autosuggest?term=Du&locationTypes=4,783,0,513
1774414970020,262,"Enter Location, In&OutDate , & Headcount-2",200,OK,Xploria-Des 1-1,text,true,,2332,547,10,10,https://autosuggest.travel.zentrumhub.com/api/locations/locationcontent/autosuggest?term=Dubai&locationTypes=4,262,0,0
1774415005031,768,"Enter Location, In&OutDate , & Headcount-3",200,OK,Xploria-Des 1-1,text,true,,2332,580,10,10,https://autosuggest.travel.zentrumhub.com/api/locations/locationcontent/autosuggest?term=Dubai%2C+Dubai%2C+United+Arab+Emirates&locationTypes=4,767,0,500
1774415046077,31,"Enter Location, In&OutDate , & Headcount-4",204,No Content,Xploria-Des 1-1,,true,,597,625,10,10,https://activity-api.dev.prod.zentrumhub.com/api/activity/availability,0,0,19
1774415080739,497,"Enter Location, In&OutDate , & Headcount-5",200,OK,Xploria-Des 1-1,text,true,,753,911,10,10,https://activity-api.dev.prod.zentrumhub.com/api/activity/availability,497,0,0
1774415114241,2563,"Enter Location, In&OutDate , & Headcount-6",200,OK,Xploria-Des 1-1,text,true,,341,1503,10,10,https://activity-xploria.lovable.app/~api/analytics,2563,0,23
1774415005730,0,"Enter Location, In&OutDate , & Headcount",200,"Number of samples in transaction : 3, number of failing samples : 0",,,true,,0,0,0,0,null,0,112738,0
1774414842782,7297,User Journey – Activity Booking,200,"Number of samples in transaction : 7, number of failing samples : 0",Xploria-Des 1-4,,true,,7799,5576,10,10,null,0,268389,1089
1774414882168,2335,Enter URl-1,200,OK,Xploria-Des 1-4,text,true,,647,865,10,10,https://activity-xploria.lovable.app/~api/analytics,2335,0,35
1774414935882,768,"Enter Location, In&OutDate , & Headcount-1",200,OK,Xploria-Des 1-4,text,true,,797,544,10,10,https://autosuggest.travel.zentrumhub.com/api/locations/locationcontent/autosuggest?term=Du&locationTypes=4,768,0,507
1774414971194,263,"Enter Location, In&OutDate , & Headcount-2",200,OK,Xploria-Des 1-4,text,true,,2332,547,10,10,https://autosuggest.travel.zentrumhub.com/api/locations/locationcontent/autosuggest?term=Dubai&locationTypes=4,263,0,0
1774415004943,787,"Enter Location, In&OutDate , & Headcount-3",200,OK,Xploria-Des 1-4,text,true,,2332,580,10,10,https://autosuggest.travel.zentrumhub.com/api/locations/locationcontent/autosuggest?term=Dubai%2C+Dubai%2C+United+Arab+Emirates&locationTypes=4,787,0,507
1774415046763,40,"Enter Location, In&OutDate , & Headcount-4",204,No Content,Xploria-Des 1-4,,true,,597,625,10,10,https://activity-api.dev.prod.zentrumhub.com/api/activity/availability,0,0,21
1774415080462,767,"Enter Location, In&OutDate , & Headcount-5",200,OK,Xploria-Des 1-4,text,true,,753,911,10,10,https://activity-api.dev.prod.zentrumhub.com/api/activity/availability,767,0,0
1774415116131,2337,"Enter Location, In&OutDate , & Headcount-6",200,OK,Xploria-Des 1-4,text,true,,341,1504,10,10,https://activity-xploria.lovable.app/~api/analytics,2336,0,19
1774415009837,0,"Enter Location, In&OutDate , & Headcount",200,"Number of samples in transaction : 3, number of failing samples : 0",,,true,,0,0,0,0,null,0,109028,0
1774414844782,5230,User Journey – Activity Booking,200,"Number of samples in transaction : 7, number of failing samples : 0",Xploria-Des 1-6,,true,,7797,5576,10,10,null,0,268853,1086
1774414885554,1891,Enter URl-1,200,OK,Xploria-Des 1-6,text,true,,647,865,10,10,https://activity-xploria.lovable.app/~api/analytics,1891,0,25
1774414939076,798,"Enter Location, In&OutDate , & Headcount-1",200,OK,Xploria-Des 1-6,text,true,,797,544,10,10,https://autosuggest.travel.zentrumhub.com/api/locations/locationcontent/autosuggest?term=Du&locationTypes=4,798,0,526
1774414974819,267,"Enter Location, In&OutDate , & Headcount-2",200,OK,Xploria-Des 1-6,text,true,,2331,547,10,10,https://autosuggest.travel.zentrumhub.com/api/locations/locationcontent/autosuggest?term=Dubai&locationTypes=4,267,0,0
1774415009093,743,"Enter Location, In&OutDate , & Headcount-3",200,OK,Xploria-Des 1-6,text,true,,2331,580,10,10,https://autosuggest.travel.zentrumhub.com/api/locations/locationcontent/autosuggest?term=Dubai%2C+Dubai%2C+United+Arab+Emirates&locationTypes=4,743,0,495
1774415049649,31,"Enter Location, In&OutDate , & Headcount-4",204,No Content,Xploria-Des 1-6,,true,,597,625,10,10,https://activity-api.dev.prod.zentrumhub.com/api/activity/availability,0,0,20
1774415083465,226,"Enter Location, In&OutDate , & Headcount-5",200,OK,Xploria-Des 1-6,text,true,,753,911,10,10,https://activity-api.dev.prod.zentrumhub.com/api/activity/availability,226,0,0
1774415117591,1274,"Enter Location, In&OutDate , & Headcount-6",200,OK,Xploria-Des 1-6,text,true,,341,1504,10,10,https://activity-xploria.lovable.app/~api/analytics,1274,0,20
1774415008745,0,"Enter Location, In&OutDate , & Headcount",200,"Number of samples in transaction : 3, number of failing samples : 0",,,true,,0,0,0,0,null,0,110852,0
1774414846781,4964,User Journey – Activity Booking,200,"Number of samples in transaction : 7, number of failing samples : 0",Xploria-Des 1-8,,true,,7798,5576,10,10,null,0,267852,1094
1774414887131,1492,Enter URl-1,200,OK,Xploria-Des 1-8,text,true,,647,865,10,10,https://activity-xploria.lovable.app/~api/analytics,1492,0,22
1774414939730,776,"Enter Location, In&OutDate , & Headcount-1",200,OK,Xploria-Des 1-8,text,true,,797,544,10,10,https://autosuggest.travel.zentrumhub.com/api/locations/locationcontent/autosuggest?term=Du&locationTypes=4,776,0,495
1774414973609,263,"Enter Location, In&OutDate , & Headcount-2",200,OK,Xploria-Des 1-8,text,true,,2332,547,10,10,https://autosuggest.travel.zentrumhub.com/api/locations/locationcontent/autosuggest?term=Dubai&locationTypes=4,263,0,0
1774415007929,815,"Enter Location, In&OutDate , & Headcount-3",200,OK,Xploria-Des 1-8,text,true,,2331,580,10,10,https://autosuggest.travel.zentrumhub.com/api/locations/locationcontent/autosuggest?term=Dubai%2C+Dubai%2C+United+Arab+Emirates&locationTypes=4,815,0,540
1774415049816,29,"Enter Location, In&OutDate , & Headcount-4",204,No Content,Xploria-Des 1-8,,true,,597,625,10,10,https://activity-api.dev.prod.zentrumhub.com/api/activity/availability,0,0,18
1774415083555,223,"Enter Location, In&OutDate , & Headcount-5",200,OK,Xploria-Des 1-8,text,true,,753,911,10,10,https://activity-api.dev.prod.zentrumhub.com/api/activity/availability,223,0,0
1774415118231,1366,"Enter Location, In&OutDate , & Headcount-6",200,OK,Xploria-Des 1-8,text,true,,341,1504,10,10,https://activity-xploria.lovable.app/~api/analytics,1366,0,19
1774415009200,0,"Enter Location, In&OutDate , & Headcount",200,"Number of samples in transaction : 3, number of failing samples : 0",,,true,,0,0,0,0,null,0,110400,0
1774414845782,4159,User Journey – Activity Booking,200,"Number of samples in transaction : 7, number of failing samples : 0",Xploria-Des 1-7,,true,,7798,5576,10,10,null,0,269659,1098
1774414886252,1194,Enter URl-1,200,OK,Xploria-Des 1-7,text,true,,647,865,10,10,https://activity-xploria.lovable.app/~api/analytics,1194,0,37
1774414939222,792,"Enter Location, In&OutDate , & Headcount-1",200,OK,Xploria-Des 1-7,text,true,,797,544,10,10,https://autosuggest.travel.zentrumhub.com/api/locations/locationcontent/autosuggest?term=Du&locationTypes=4,792,0,521
1774414973862,264,"Enter Location, In&OutDate , & Headcount-2",200,OK,Xploria-Des 1-7,text,true,,2331,547,10,10,https://autosuggest.travel.zentrumhub.com/api/locations/locationcontent/autosuggest?term=Dubai&locationTypes=4,264,0,0
1774415008436,764,"Enter Location, In&OutDate , & Headcount-3",200,OK,Xploria-Des 1-7,text,true,,2332,580,10,10,https://autosuggest.travel.zentrumhub.com/api/locations/locationcontent/autosuggest?term=Dubai%2C+Dubai%2C+United+Arab+Emirates&locationTypes=4,764,0,501
1774415049866,30,"Enter Location, In&OutDate , & Headcount-4",204,No Content,Xploria-Des 1-7,,true,,597,625,10,10,https://activity-api.dev.prod.zentrumhub.com/api/activity/availability,0,0,19
1774415084196,222,"Enter Location, In&OutDate , & Headcount-5",200,OK,Xploria-Des 1-7,text,true,,753,911,10,10,https://activity-api.dev.prod.zentrumhub.com/api/activity/availability,222,0,0
1774415118707,893,"Enter Location, In&OutDate , & Headcount-6",200,OK,Xploria-Des 1-7,text,true,,341,1504,10,10,https://activity-xploria.lovable.app/~api/analytics,893,0,20
1774415010059,0,"Enter Location, In&OutDate , & Headcount",200,"Number of samples in transaction : 3, number of failing samples : 0",,,true,,0,0,0,0,null,0,110545,0
1774414847780,4366,User Journey – Activity Booking,200,"Number of samples in transaction : 7, number of failing samples : 0",Xploria-Des 1-9,,true,,7797,5575,10,10,null,0,268458,1072
1774414888434,1373,Enter URl-1,200,OK,Xploria-Des 1-9,text,true,,646,865,10,10,https://activity-xploria.lovable.app/~api/analytics,1373,0,28
1774414941635,770,"Enter Location, In&OutDate , & Headcount-1",200,OK,Xploria-Des 1-9,text,true,,797,544,10,10,https://autosuggest.travel.zentrumhub.com/api/locations/locationcontent/autosuggest?term=Du&locationTypes=4,770,0,502
1774414975935,264,"Enter Location, In&OutDate , & Headcount-2",200,OK,Xploria-Des 1-9,text,true,,2332,547,10,10,https://autosuggest.travel.zentrumhub.com/api/locations/locationcontent/autosuggest?term=Dubai&locationTypes=4,264,0,0
1774415009299,759,"Enter Location, In&OutDate , & Headcount-3",200,OK,Xploria-Des 1-9,text,true,,2331,580,10,10,https://autosuggest.travel.zentrumhub.com/api/locations/locationcontent/autosuggest?term=Dubai%2C+Dubai%2C+United+Arab+Emirates&locationTypes=4,759,0,502
1774415051224,33,"Enter Location, In&OutDate , & Headcount-4",204,No Content,Xploria-Des 1-9,,true,,597,625,10,10,https://activity-api.dev.prod.zentrumhub.com/api/activity/availability,0,0,22
1774415085513,222,"Enter Location, In&OutDate , & Headcount-5",200,OK,Xploria-Des 1-9,text,true,,753,911,10,10,https://activity-api.dev.prod.zentrumhub.com/api/activity/availability,222,0,0
1774415119659,945,"Enter Location, In&OutDate , & Headcount-6",200,OK,Xploria-Des 1-9,text,true,,341,1503,10,10,https://activity-xploria.lovable.app/~api/analytics,945,0,18
1774415009777,0,"Enter Location, In&OutDate , & Headcount",200,"Number of samples in transaction : 3, number of failing samples : 0",,,true,,0,0,0,0,null,0,113276,0
1774414843783,6223,User Journey – Activity Booking,200,"Number of samples in transaction : 7, number of failing samples : 0",Xploria-Des 1-5,,true,,7798,5575,10,10,null,0,273047,1080
1774414884659,2008,Enter URl-1,200,OK,Xploria-Des 1-5,text,true,,646,865,10,10,https://activity-xploria.lovable.app/~api/analytics,2008,0,27
1774414939000,803,"Enter Location, In&OutDate , & Headcount-1",200,OK,Xploria-Des 1-5,text,true,,798,544,10,10,https://autosuggest.travel.zentrumhub.com/api/locations/locationcontent/autosuggest?term=Du&locationTypes=4,803,0,527
1774414974416,268,"Enter Location, In&OutDate , & Headcount-2",200,OK,Xploria-Des 1-5,text,true,,2331,547,10,10,https://autosuggest.travel.zentrumhub.com/api/locations/locationcontent/autosuggest?term=Dubai&locationTypes=4,267,0,0
1774415009032,744,"Enter Location, In&OutDate , & Headcount-3",200,OK,Xploria-Des 1-5,text,true,,2332,580,10,10,https://autosuggest.travel.zentrumhub.com/api/locations/locationcontent/autosuggest?term=Dubai%2C+Dubai%2C+United+Arab+Emirates&locationTypes=4,744,0,488
1774415050981,37,"Enter Location, In&OutDate , & Headcount-4",204,No Content,Xploria-Des 1-5,,true,,597,625,10,10,https://activity-api.dev.prod.zentrumhub.com/api/activity/availability,0,0,20
1774415085856,223,"Enter Location, In&OutDate , & Headcount-5",200,OK,Xploria-Des 1-5,text,true,,753,911,10,10,https://activity-api.dev.prod.zentrumhub.com/api/activity/availability,223,0,0
1774415120913,2140,"Enter Location, In&OutDate , & Headcount-6",200,OK,Xploria-Des 1-5,text,true,,341,1503,10,10,https://activity-xploria.lovable.app/~api/analytics,2140,0,18
1774415013152,0,"Enter Location, In&OutDate , & Headcount",200,"Number of samples in transaction : 3, number of failing samples : 0",,,true,,0,0,0,0,null,0,110349,0
1774414848779,5007,User Journey – Activity Booking,200,"Number of samples in transaction : 7, number of failing samples : 0",Xploria-Des 1-10,,true,,7798,5576,10,10,null,0,269715,1090
1774414888746,831,Enter URl-1,200,OK,Xploria-Des 1-10,text,true,,647,865,10,10,https://activity-xploria.lovable.app/~api/analytics,831,0,30
1774414941427,767,"Enter Location, In&OutDate , & Headcount-1",200,OK,Xploria-Des 1-10,text,true,,797,544,10,10,https://autosuggest.travel.zentrumhub.com/api/locations/locationcontent/autosuggest?term=Du&locationTypes=4,767,0,510
1774414977163,268,"Enter Location, In&OutDate , & Headcount-2",200,OK,Xploria-Des 1-10,text,true,,2331,547,10,10,https://autosuggest.travel.zentrumhub.com/api/locations/locationcontent/autosuggest?term=Dubai&locationTypes=4,268,0,0
1774415012377,775,"Enter Location, In&OutDate , & Headcount-3",200,OK,Xploria-Des 1-10,text,true,,2332,580,10,10,https://autosuggest.travel.zentrumhub.com/api/locations/locationcontent/autosuggest?term=Dubai%2C+Dubai%2C+United+Arab+Emirates&locationTypes=4,775,0,506
1774415053563,46,"Enter Location, In&OutDate , & Headcount-4",204,No Content,Xploria-Des 1-10,,true,,597,625,10,10,https://activity-api.dev.prod.zentrumhub.com/api/activity/availability,0,0,26
1774415087189,222,"Enter Location, In&OutDate , & Headcount-5",200,OK,Xploria-Des 1-10,text,true,,753,911,10,10,https://activity-api.dev.prod.zentrumhub.com/api/activity/availability,222,0,0
1774415121403,2098,"Enter Location, In&OutDate , & Headcount-6",200,OK,Xploria-Des 1-10,text,true,,341,1504,10,10,https://activity-xploria.lovable.app/~api/analytics,2098,0,18
1774415194574,366,Enter Login Cre-and Login-1,429,Too Many Requests,Xploria-Des 1-2,text,false,,1227,2081,10,10,https://zentrumhub.us.auth0.com/usernamepassword/login,366,0,28
1774415194563,382,Enter Login Cre-and Login-1,429,Too Many Requests,Xploria-Des 1-1,text,false,,1227,2081,10,10,https://zentrumhub.us.auth0.com/usernamepassword/login,382,0,39
1774415194597,395,Enter Login Cre-and Login-1,429,Too Many Requests,Xploria-Des 1-3,text,false,,1243,2081,10,10,https://zentrumhub.us.auth0.com/usernamepassword/login,395,0,25
1774415196295,398,Enter Login Cre-and Login-1,429,Too Many Requests,Xploria-Des 1-4,text,false,,1231,2081,10,10,https://zentrumhub.us.auth0.com/usernamepassword/login,398,0,20
1774415196652,366,Enter Login Cre-and Login-1,429,Too Many Requests,Xploria-Des 1-6,text,false,,1231,2081,10,10,https://zentrumhub.us.auth0.com/usernamepassword/login,366,0,23
1774415197397,398,Enter Login Cre-and Login-1,429,Too Many Requests,Xploria-Des 1-8,text,false,,1231,2081,10,10,https://zentrumhub.us.auth0.com/usernamepassword/login,398,0,29
1774415197438,358,Enter Login Cre-and Login-1,429,Too Many Requests,Xploria-Des 1-7,text,false,,1243,2081,10,10,https://zentrumhub.us.auth0.com/usernamepassword/login,358,0,26
1774415198433,319,Enter Login Cre-and Login-1,429,Too Many Requests,Xploria-Des 1-9,text,false,,1231,2081,10,10,https://zentrumhub.us.auth0.com/usernamepassword/login,319,0,28
1774415200830,335,Enter Login Cre-and Login-1,429,Too Many Requests,Xploria-Des 1-5,text,false,,1239,2081,10,10,https://zentrumhub.us.auth0.com/usernamepassword/login,335,0,23
1774415201281,352,Enter Login Cre-and Login-1,429,Too Many Requests,Xploria-Des 1-10,text,false,,1231,2081,10,10,https://zentrumhub.us.auth0.com/usernamepassword/login,352,0,22
1774415224944,293,Enter Login Cre-and Login-2,403,Forbidden,Xploria-Des 1-2,text,false,,3821,3116,10,10,https://zentrumhub.us.auth0.com/login/callback,292,0,0
1774415224948,325,Enter Login Cre-and Login-2,403,Forbidden,Xploria-Des 1-1,text,false,,3821,3116,10,10,https://zentrumhub.us.auth0.com/login/callback,324,0,0
1774415224994,290,Enter Login Cre-and Login-2,403,Forbidden,Xploria-Des 1-3,text,false,,3821,3132,10,10,https://zentrumhub.us.auth0.com/login/callback,290,0,0
1774415226695,310,Enter Login Cre-and Login-2,403,Forbidden,Xploria-Des 1-4,text,false,,3821,3120,10,10,https://zentrumhub.us.auth0.com/login/callback,310,0,0
1774415227019,331,Enter Login Cre-and Login-2,403,Forbidden,Xploria-Des 1-6,text,false,,3821,3120,10,10,https://zentrumhub.us.auth0.com/login/callback,331,0,0
1774415227797,306,Enter Login Cre-and Login-2,403,Forbidden,Xploria-Des 1-7,text,false,,3821,3132,10,10,https://zentrumhub.us.auth0.com/login/callback,305,0,0
1774415227796,334,Enter Login Cre-and Login-2,403,Forbidden,Xploria-Des 1-8,text,false,,3821,3120,10,10,https://zentrumhub.us.auth0.com/login/callback,334,0,0
1774415228754,284,Enter Login Cre-and Login-2,403,Forbidden,Xploria-Des 1-9,text,false,,3821,3120,10,10,https://zentrumhub.us.auth0.com/login/callback,283,0,0
1774415231165,308,Enter Login Cre-and Login-2,403,Forbidden,Xploria-Des 1-5,text,false,,3821,3128,10,10,https://zentrumhub.us.auth0.com/login/callback,308,0,0
1774415231634,334,Enter Login Cre-and Login-2,403,Forbidden,Xploria-Des 1-10,text,false,,3821,3120,10,10,https://zentrumhub.us.auth0.com/login/callback,334,0,0
1774415255243,332,Enter Login Cre-and Login-3,401,Unauthorized,Xploria-Des 1-2,text,false,,3959,1387,10,10,https://zentrumhub.us.auth0.com/authorize/resume?state=l9sVUV02R18TqR7qfJDeIwPxbuJgKKeZ,332,0,29
1774415255274,335,Enter Login Cre-and Login-3,401,Unauthorized,Xploria-Des 1-1,text,false,,3959,1387,10,10,https://zentrumhub.us.auth0.com/authorize/resume?state=l9sVUV02R18TqR7qfJDeIwPxbuJgKKeZ,335,0,21
1774415255289,323,Enter Login Cre-and Login-3,401,Unauthorized,Xploria-Des 1-3,text,false,,3959,1403,10,10,https://zentrumhub.us.auth0.com/authorize/resume?state=l9sVUV02R18TqR7qfJDeIwPxbuJgKKeZ,323,0,21
1774415257019,344,Enter Login Cre-and Login-3,401,Unauthorized,Xploria-Des 1-4,text,false,,3959,1391,10,10,https://zentrumhub.us.auth0.com/authorize/resume?state=l9sVUV02R18TqR7qfJDeIwPxbuJgKKeZ,344,0,23
1774415257361,338,Enter Login Cre-and Login-3,401,Unauthorized,Xploria-Des 1-6,text,false,,3959,1391,10,10,https://zentrumhub.us.auth0.com/authorize/resume?state=l9sVUV02R18TqR7qfJDeIwPxbuJgKKeZ,337,0,19
1774415258139,339,Enter Login Cre-and Login-3,401,Unauthorized,Xploria-Des 1-8,text,false,,3959,1391,10,10,https://zentrumhub.us.auth0.com/authorize/resume?state=l9sVUV02R18TqR7qfJDeIwPxbuJgKKeZ,339,0,18
1774415258109,672,Enter Login Cre-and Login-3,401,Unauthorized,Xploria-Des 1-7,text,false,,3959,1403,10,10,https://zentrumhub.us.auth0.com/authorize/resume?state=l9sVUV02R18TqR7qfJDeIwPxbuJgKKeZ,671,0,19
1774415259042,341,Enter Login Cre-and Login-3,401,Unauthorized,Xploria-Des 1-9,text,false,,3959,1391,10,10,https://zentrumhub.us.auth0.com/authorize/resume?state=l9sVUV02R18TqR7qfJDeIwPxbuJgKKeZ,340,0,26
1774415261481,353,Enter Login Cre-and Login-3,401,Unauthorized,Xploria-Des 1-5,text,false,,3959,1399,10,10,https://zentrumhub.us.auth0.com/authorize/resume?state=l9sVUV02R18TqR7qfJDeIwPxbuJgKKeZ,353,0,22
1774415261977,325,Enter Login Cre-and Login-3,401,Unauthorized,Xploria-Des 1-10,text,false,,3959,1391,10,10,https://zentrumhub.us.auth0.com/authorize/resume?state=l9sVUV02R18TqR7qfJDeIwPxbuJgKKeZ,325,0,34
1774415285611,279,Enter Login Cre-and Login-5,204,No Content,Xploria-Des 1-1,,true,,965,772,10,10,https://zentrumhub.us.auth0.com/oauth/token,0,0,0
1774415285579,317,Enter Login Cre-and Login-5,204,No Content,Xploria-Des 1-2,,true,,965,772,10,10,https://zentrumhub.us.auth0.com/oauth/token,0,0,0
1774415285625,313,Enter Login Cre-and Login-5,204,No Content,Xploria-Des 1-3,,true,,965,788,10,10,https://zentrumhub.us.auth0.com/oauth/token,0,0,0
1774415287367,311,Enter Login Cre-and Login-5,204,No Content,Xploria-Des 1-4,,true,,965,776,10,10,https://zentrumhub.us.auth0.com/oauth/token,0,0,0
1774415287710,332,Enter Login Cre-and Login-5,204,No Content,Xploria-Des 1-6,,true,,965,776,10,10,https://zentrumhub.us.auth0.com/oauth/token,0,0,0
1774415288486,296,Enter Login Cre-and Login-5,204,No Content,Xploria-Des 1-8,,true,,965,776,10,10,https://zentrumhub.us.auth0.com/oauth/token,0,0,0
1774415288784,317,Enter Login Cre-and Login-5,204,No Content,Xploria-Des 1-7,,true,,965,788,10,10,https://zentrumhub.us.auth0.com/oauth/token,0,0,0
1774415289395,278,Enter Login Cre-and Login-5,204,No Content,Xploria-Des 1-9,,true,,965,776,10,10,https://zentrumhub.us.auth0.com/oauth/token,0,0,0
1774415291836,259,Enter Login Cre-and Login-5,204,No Content,Xploria-Des 1-5,,true,,965,784,10,10,https://zentrumhub.us.auth0.com/oauth/token,0,0,0
1774415292316,313,Enter Login Cre-and Login-5,204,No Content,Xploria-Des 1-10,,true,,965,776,10,10,https://zentrumhub.us.auth0.com/oauth/token,0,0,0
1774415315904,332,Enter Login Cre-and Login-6,403,Forbidden,Xploria-Des 1-2,text,false,,893,1035,10,10,https://zentrumhub.us.auth0.com/oauth/token,332,0,39
1774415315904,351,Enter Login Cre-and Login-6,403,Forbidden,Xploria-Des 1-1,text,false,,893,1035,10,10,https://zentrumhub.us.auth0.com/oauth/token,351,0,32
1774415315950,891,Enter Login Cre-and Login-6,403,Forbidden,Xploria-Des 1-3,text,false,,893,1051,10,10,https://zentrumhub.us.auth0.com/oauth/token,891,0,23
1774415317680,326,Enter Login Cre-and Login-6,403,Forbidden,Xploria-Des 1-4,text,false,,893,1039,10,10,https://zentrumhub.us.auth0.com/oauth/token,326,0,19
1774415318054,310,Enter Login Cre-and Login-6,403,Forbidden,Xploria-Des 1-6,text,false,,893,1039,10,10,https://zentrumhub.us.auth0.com/oauth/token,310,0,21
1774415318783,305,Enter Login Cre-and Login-6,403,Forbidden,Xploria-Des 1-8,text,false,,893,1039,10,10,https://zentrumhub.us.auth0.com/oauth/token,305,0,28
1774415319109,327,Enter Login Cre-and Login-6,403,Forbidden,Xploria-Des 1-7,text,false,,893,1051,10,10,https://zentrumhub.us.auth0.com/oauth/token,327,0,30
1774415319684,346,Enter Login Cre-and Login-6,403,Forbidden,Xploria-Des 1-9,text,false,,893,1039,10,10,https://zentrumhub.us.auth0.com/oauth/token,346,0,31
1774415322105,337,Enter Login Cre-and Login-6,403,Forbidden,Xploria-Des 1-5,text,false,,893,1047,10,10,https://zentrumhub.us.auth0.com/oauth/token,337,0,20
1774415322632,311,Enter Login Cre-and Login-6,403,Forbidden,Xploria-Des 1-10,text,false,,893,1039,10,10,https://zentrumhub.us.auth0.com/oauth/token,311,0,27
1774415346257,2235,Enter Login Cre-and Login-7,200,OK,Xploria-Des 1-1,text,true,,341,1325,10,10,https://activity-xploria.lovable.app/~api/analytics,2235,0,27
1774415346242,2250,Enter Login Cre-and Login-7,200,OK,Xploria-Des 1-2,text,true,,341,1326,10,10,https://activity-xploria.lovable.app/~api/analytics,2250,0,42
1774415346850,2398,Enter Login Cre-and Login-7,200,OK,Xploria-Des 1-3,text,true,,341,1326,10,10,https://activity-xploria.lovable.app/~api/analytics,2398,0,22
1774415348367,1910,Enter Login Cre-and Login-7,200,OK,Xploria-Des 1-6,text,true,,341,1326,10,10,https://activity-xploria.lovable.app/~api/analytics,1910,0,23
1774415348012,2426,Enter Login Cre-and Login-7,200,OK,Xploria-Des 1-4,text,true,,341,1326,10,10,https://activity-xploria.lovable.app/~api/analytics,2426,0,25
1774415349447,1335,Enter Login Cre-and Login-7,200,OK,Xploria-Des 1-7,text,true,,341,1326,10,10,https://activity-xploria.lovable.app/~api/analytics,1335,0,25
1774415349091,1865,Enter Login Cre-and Login-7,200,OK,Xploria-Des 1-8,text,true,,341,1326,10,10,https://activity-xploria.lovable.app/~api/analytics,1865,0,23
1774415350037,1459,Enter Login Cre-and Login-7,200,OK,Xploria-Des 1-9,text,true,,341,1325,10,10,https://activity-xploria.lovable.app/~api/analytics,1459,0,24
1774415352952,966,Enter Login Cre-and Login-7,200,OK,Xploria-Des 1-10,text,true,,341,1326,10,10,https://activity-xploria.lovable.app/~api/analytics,966,0,22
1774415352454,1797,Enter Login Cre-and Login-7,200,OK,Xploria-Des 1-5,text,true,,341,1325,10,10,https://activity-xploria.lovable.app/~api/analytics,1797,0,22
1774415378493,176,Enter Login Cre-and Login-8,200,OK,Xploria-Des 1-1,text,true,,383380,335,10,10,https://firefox-settings-attachments.cdn.mozilla.net/bundles/startup.json.mozlz4,95,0,67
1774415116805,4083,Enter Login Cre-and Login,,"Number of samples in transaction : 7, number of failing samples : 4",Xploria-Des 1-1,,false,,394586,10051,10,10,null,3722,257781,186
1774415378493,179,Enter Login Cre-and Login-8,200,OK,Xploria-Des 1-2,text,true,,383380,335,10,10,https://firefox-settings-attachments.cdn.mozilla.net/bundles/startup.json.mozlz4,93,0,65
1774415116801,4069,Enter Login Cre-and Login,,"Number of samples in transaction : 7, number of failing samples : 4",Xploria-Des 1-2,,false,,394586,10052,10,10,null,3665,257802,203
1774415379252,162,Enter Login Cre-and Login-8,200,OK,Xploria-Des 1-3,text,true,,383380,335,10,10,https://firefox-settings-attachments.cdn.mozilla.net/bundles/startup.json.mozlz4,86,0,56
1774415116801,4772,Enter Login Cre-and Login,,"Number of samples in transaction : 7, number of failing samples : 4",Xploria-Des 1-3,,false,,394602,10116,10,10,null,4383,257841,147
1774415380279,153,Enter Login Cre-and Login-8,200,OK,Xploria-Des 1-6,text,true,,383380,335,10,10,https://firefox-settings-attachments.cdn.mozilla.net/bundles/startup.json.mozlz4,79,0,54
1774415118865,3740,Enter Login Cre-and Login,,"Number of samples in transaction : 7, number of failing samples : 4",Xploria-Des 1-6,,false,,394590,10068,10,10,null,3333,257827,140
1774415380450,159,Enter Login Cre-and Login-8,200,OK,Xploria-Des 1-4,text,true,,383380,335,10,10,https://firefox-settings-attachments.cdn.mozilla.net/bundles/startup.json.mozlz4,75,0,50
1774415118468,4274,Enter Login Cre-and Login,,"Number of samples in transaction : 7, number of failing samples : 4",Xploria-Des 1-4,,false,,394590,10068,10,10,null,3879,257868,137
1774415380791,151,Enter Login Cre-and Login-8,200,OK,Xploria-Des 1-7,text,true,,383380,335,10,10,https://firefox-settings-attachments.cdn.mozilla.net/bundles/startup.json.mozlz4,77,0,50
1774415119600,3466,Enter Login Cre-and Login,,"Number of samples in transaction : 7, number of failing samples : 4",Xploria-Des 1-7,,false,,394602,10116,10,10,null,3073,257876,150
1774415380959,159,Enter Login Cre-and Login-8,200,OK,Xploria-Des 1-8,text,true,,383380,335,10,10,https://firefox-settings-attachments.cdn.mozilla.net/bundles/startup.json.mozlz4,79,0,52
1774415119597,3696,Enter Login Cre-and Login,,"Number of samples in transaction : 7, number of failing samples : 4",Xploria-Des 1-8,,false,,394590,10068,10,10,null,3320,257825,150
1774415381504,144,Enter Login Cre-and Login-8,200,OK,Xploria-Des 1-9,text,true,,383380,335,10,10,https://firefox-settings-attachments.cdn.mozilla.net/bundles/startup.json.mozlz4,72,0,48
1774415120605,3171,Enter Login Cre-and Login,,"Number of samples in transaction : 7, number of failing samples : 4",Xploria-Des 1-9,,false,,394590,10067,10,10,null,2819,257872,157
1774415383921,156,Enter Login Cre-and Login-8,200,OK,Xploria-Des 1-10,text,true,,383380,335,10,10,https://firefox-settings-attachments.cdn.mozilla.net/bundles/startup.json.mozlz4,79,0,53
1774415123501,2757,Enter Login Cre-and Login,,"Number of samples in transaction : 7, number of failing samples : 4",Xploria-Des 1-10,,false,,394590,10068,10,10,null,2367,257819,158
1774415384260,164,Enter Login Cre-and Login-8,200,OK,Xploria-Des 1-5,text,true,,383380,335,10,10,https://firefox-settings-attachments.cdn.mozilla.net/bundles/startup.json.mozlz4,83,0,56
1774415123053,3553,Enter Login Cre-and Login,,"Number of samples in transaction : 7, number of failing samples : 4",Xploria-Des 1-5,,false,,394598,10099,10,10,null,3213,257819,143
1774415416160,482,"Enter Location, In&OutDate , & Headcount-1",200,OK,Xploria-Des 1-2,text,true,,25420,470,10,10,https://merino.services.mozilla.com/api/v1/curated-recommendations,435,0,63
1774415378672,482,Search for Dubai Marina Yacht - Shared Tour,200,"Number of samples in transaction : 1, number of failing samples : 0",Xploria-Des 1-2,,true,,25420,470,10,10,null,435,37489,63
1774415416196,488,"Enter Location, In&OutDate , & Headcount-1",200,OK,Xploria-Des 1-1,text,true,,25420,470,10,10,https://merino.services.mozilla.com/api/v1/curated-recommendations,446,0,55
1774415378670,488,Search for Dubai Marina Yacht - Shared Tour,200,"Number of samples in transaction : 1, number of failing samples : 0",Xploria-Des 1-1,,true,,25420,470,10,10,null,446,37527,55
1774415416892,393,"Enter Location, In&OutDate , & Headcount-1",200,OK,Xploria-Des 1-3,text,true,,25420,470,10,10,https://merino.services.mozilla.com/api/v1/curated-recommendations,378,0,55
1774415379415,393,Search for Dubai Marina Yacht - Shared Tour,200,"Number of samples in transaction : 1, number of failing samples : 0",Xploria-Des 1-3,,true,,25420,470,10,10,null,378,37478,55
1774415418080,534,"Enter Location, In&OutDate , & Headcount-1",200,OK,Xploria-Des 1-4,text,true,,25420,470,10,10,https://merino.services.mozilla.com/api/v1/curated-recommendations,460,0,90
1774415380610,534,Search for Dubai Marina Yacht - Shared Tour,200,"Number of samples in transaction : 1, number of failing samples : 0",Xploria-Des 1-4,,true,,25420,470,10,10,null,460,37471,90
1774415417929,726,"Enter Location, In&OutDate , & Headcount-1",200,OK,Xploria-Des 1-6,text,true,,25420,470,10,10,https://merino.services.mozilla.com/api/v1/curated-recommendations,726,0,52
1774415380432,726,Search for Dubai Marina Yacht - Shared Tour,200,"Number of samples in transaction : 1, number of failing samples : 0",Xploria-Des 1-6,,true,,25420,470,10,10,null,726,37498,52
1774415418405,390,"Enter Location, In&OutDate , & Headcount-1",200,OK,Xploria-Des 1-7,text,true,,25420,470,10,10,https://merino.services.mozilla.com/api/v1/curated-recommendations,388,0,52
1774415380942,390,Search for Dubai Marina Yacht - Shared Tour,200,"Number of samples in transaction : 1, number of failing samples : 0",Xploria-Des 1-7,,true,,25420,470,10,10,null,388,37464,52
1774415418634,487,"Enter Location, In&OutDate , & Headcount-1",200,OK,Xploria-Des 1-8,text,true,,25420,470,10,10,https://merino.services.mozilla.com/api/v1/curated-recommendations,456,0,72
1774415381118,487,Search for Dubai Marina Yacht - Shared Tour,200,"Number of samples in transaction : 1, number of failing samples : 0",Xploria-Des 1-8,,true,,25420,470,10,10,null,456,37516,72
1774415419108,379,"Enter Location, In&OutDate , & Headcount-1",200,OK,Xploria-Des 1-9,text,true,,25420,470,10,10,https://merino.services.mozilla.com/api/v1/curated-recommendations,373,0,53
1774415381649,379,Search for Dubai Marina Yacht - Shared Tour,200,"Number of samples in transaction : 1, number of failing samples : 0",Xploria-Des 1-9,,true,,25420,470,10,10,null,373,37459,53
1774415421613,368,"Enter Location, In&OutDate , & Headcount-1",200,OK,Xploria-Des 1-10,text,true,,25420,470,10,10,https://merino.services.mozilla.com/api/v1/curated-recommendations,368,0,53
1774415384077,368,Search for Dubai Marina Yacht - Shared Tour,200,"Number of samples in transaction : 1, number of failing samples : 0",Xploria-Des 1-10,,true,,25420,470,10,10,null,368,37536,53
1774415421893,1191,"Enter Location, In&OutDate , & Headcount-1",200,OK,Xploria-Des 1-5,text,true,,25421,470,10,10,https://merino.services.mozilla.com/api/v1/curated-recommendations,1153,0,55
1774415384425,1191,Search for Dubai Marina Yacht - Shared Tour,200,"Number of samples in transaction : 1, number of failing samples : 0",Xploria-Des 1-5,,true,,25421,470,10,10,null,1153,37468,55
1774415494881,1872,Search for Dubai Marina Yacht - Shared Tour-1,200,OK,Xploria-Des 1-1,text,true,,1336,961,10,10,https://activity-xploria.lovable.app/activity/E-E10-A1SUNO0282?token=f47f6b6e-9634-4c92-b741-8d2bc3db51d4&destination=Dubai%2C+Dubai%2C+United+Arab+Emirates&fromDate=2026-03-24&toDate=2026-03-30&adults=2&children=0&paxAges=30%2C30&correlationId=a30fd868-9420-4518-ade7-7a90f6bb695e,1863,0,24
1774415494838,2076,Search for Dubai Marina Yacht - Shared Tour-1,200,OK,Xploria-Des 1-2,text,true,,1349,962,10,10,https://activity-xploria.lovable.app/activity/E-E10-A1SUNO0282?token=f47f6b6e-9634-4c92-b741-8d2bc3db51d4&destination=Dubai%2C+Dubai%2C+United+Arab+Emirates&fromDate=2026-03-24&toDate=2026-03-30&adults=2&children=0&paxAges=30%2C30&correlationId=a30fd868-9420-4518-ade7-7a90f6bb695e,1845,0,24
1774415496840,355,Search for Dubai Marina Yacht - Shared Tour-1,200,OK,Xploria-Des 1-6,text,true,,1366,962,10,10,https://activity-xploria.lovable.app/activity/E-E10-A1SUNO0282?token=f47f6b6e-9634-4c92-b741-8d2bc3db51d4&destination=Dubai%2C+Dubai%2C+United+Arab+Emirates&fromDate=2026-03-24&toDate=2026-03-30&adults=2&children=0&paxAges=30%2C30&correlationId=a30fd868-9420-4518-ade7-7a90f6bb695e,355,0,26
1774415497730,326,Search for Dubai Marina Yacht - Shared Tour-1,200,OK,Xploria-Des 1-9,text,true,,1349,961,10,10,https://activity-xploria.lovable.app/activity/E-E10-A1SUNO0282?token=f47f6b6e-9634-4c92-b741-8d2bc3db51d4&destination=Dubai%2C+Dubai%2C+United+Arab+Emirates&fromDate=2026-03-24&toDate=2026-03-30&adults=2&children=0&paxAges=30%2C30&correlationId=a30fd868-9420-4518-ade7-7a90f6bb695e,325,0,21
1774415497387,1315,Search for Dubai Marina Yacht - Shared Tour-1,200,OK,Xploria-Des 1-8,text,true,,1333,962,10,10,https://activity-xploria.lovable.app/activity/E-E10-A1SUNO0282?token=f47f6b6e-9634-4c92-b741-8d2bc3db51d4&destination=Dubai%2C+Dubai%2C+United+Arab+Emirates&fromDate=2026-03-24&toDate=2026-03-30&adults=2&children=0&paxAges=30%2C30&correlationId=a30fd868-9420-4518-ade7-7a90f6bb695e,1315,0,241
1774415496882,1822,Search for Dubai Marina Yacht - Shared Tour-1,200,OK,Xploria-Des 1-4,text,true,,1348,962,10,10,https://activity-xploria.lovable.app/activity/E-E10-A1SUNO0282?token=f47f6b6e-9634-4c92-b741-8d2bc3db51d4&destination=Dubai%2C+Dubai%2C+United+Arab+Emirates&fromDate=2026-03-24&toDate=2026-03-30&adults=2&children=0&paxAges=30%2C30&correlationId=a30fd868-9420-4518-ade7-7a90f6bb695e,1822,0,19
1774415495458,3252,Search for Dubai Marina Yacht - Shared Tour-1,200,OK,Xploria-Des 1-3,text,true,,1372,962,10,10,https://activity-xploria.lovable.app/activity/E-E10-A1SUNO0282?token=f47f6b6e-9634-4c92-b741-8d2bc3db51d4&destination=Dubai%2C+Dubai%2C+United+Arab+Emirates&fromDate=2026-03-24&toDate=2026-03-30&adults=2&children=0&paxAges=30%2C30&correlationId=a30fd868-9420-4518-ade7-7a90f6bb695e,3244,0,2044
1774415497055,2004,Search for Dubai Marina Yacht - Shared Tour-1,200,OK,Xploria-Des 1-7,text,true,,1371,962,10,10,https://activity-xploria.lovable.app/activity/E-E10-A1SUNO0282?token=f47f6b6e-9634-4c92-b741-8d2bc3db51d4&destination=Dubai%2C+Dubai%2C+United+Arab+Emirates&fromDate=2026-03-24&toDate=2026-03-30&adults=2&children=0&paxAges=30%2C30&correlationId=a30fd868-9420-4518-ade7-7a90f6bb695e,2004,0,232
1774415500212,328,Search for Dubai Marina Yacht - Shared Tour-1,200,OK,Xploria-Des 1-10,text,true,,1354,962,10,10,https://activity-xploria.lovable.app/activity/E-E10-A1SUNO0282?token=f47f6b6e-9634-4c92-b741-8d2bc3db51d4&destination=Dubai%2C+Dubai%2C+United+Arab+Emirates&fromDate=2026-03-24&toDate=2026-03-30&adults=2&children=0&paxAges=30%2C30&correlationId=a30fd868-9420-4518-ade7-7a90f6bb695e,326,0,23
1774415501297,2022,Search for Dubai Marina Yacht - Shared Tour-1,200,OK,Xploria-Des 1-5,text,true,,1389,961,10,10,https://activity-xploria.lovable.app/activity/E-E10-A1SUNO0282?token=f47f6b6e-9634-4c92-b741-8d2bc3db51d4&destination=Dubai%2C+Dubai%2C+United+Arab+Emirates&fromDate=2026-03-24&toDate=2026-03-30&adults=2&children=0&paxAges=30%2C30&correlationId=a30fd868-9420-4518-ade7-7a90f6bb695e,2015,0,21
1774415526754,50,Search for Dubai Marina Yacht - Shared Tour-2,204,No Content,Xploria-Des 1-1,,true,,597,657,10,10,https://activity-api.dev.prod.zentrumhub.com/api/activity/f47f6b6e-9634-4c92-b741-8d2bc3db51d4/details,0,0,38
1774415526915,30,Search for Dubai Marina Yacht - Shared Tour-2,204,No Content,Xploria-Des 1-2,,true,,597,657,10,10,https://activity-api.dev.prod.zentrumhub.com/api/activity/f47f6b6e-9634-4c92-b741-8d2bc3db51d4/details,0,0,20
1774415527197,34,Search for Dubai Marina Yacht - Shared Tour-2,204,No Content,Xploria-Des 1-6,,true,,597,657,10,10,https://activity-api.dev.prod.zentrumhub.com/api/activity/f47f6b6e-9634-4c92-b741-8d2bc3db51d4/details,0,0,23
1774415528056,31,Search for Dubai Marina Yacht - Shared Tour-2,204,No Content,Xploria-Des 1-9,,true,,597,657,10,10,https://activity-api.dev.prod.zentrumhub.com/api/activity/f47f6b6e-9634-4c92-b741-8d2bc3db51d4/details,0,0,21
1774415528705,26,Search for Dubai Marina Yacht - Shared Tour-2,204,No Content,Xploria-Des 1-4,,true,,597,657,10,10,https://activity-api.dev.prod.zentrumhub.com/api/activity/f47f6b6e-9634-4c92-b741-8d2bc3db51d4/details,0,0,17
1774415528704,28,Search for Dubai Marina Yacht - Shared Tour-2,204,No Content,Xploria-Des 1-8,,true,,597,657,10,10,https://activity-api.dev.prod.zentrumhub.com/api/activity/f47f6b6e-9634-4c92-b741-8d2bc3db51d4/details,0,0,20
1774415528711,25,Search for Dubai Marina Yacht - Shared Tour-2,204,No Content,Xploria-Des 1-3,,true,,597,657,10,10,https://activity-api.dev.prod.zentrumhub.com/api/activity/f47f6b6e-9634-4c92-b741-8d2bc3db51d4/details,0,0,17
1774415529060,29,Search for Dubai Marina Yacht - Shared Tour-2,204,No Content,Xploria-Des 1-7,,true,,597,657,10,10,https://activity-api.dev.prod.zentrumhub.com/api/activity/f47f6b6e-9634-4c92-b741-8d2bc3db51d4/details,0,0,19
1774415530551,28,Search for Dubai Marina Yacht - Shared Tour-2,204,No Content,Xploria-Des 1-10,,true,,597,657,10,10,https://activity-api.dev.prod.zentrumhub.com/api/activity/f47f6b6e-9634-4c92-b741-8d2bc3db51d4/details,0,0,18
1774415533327,27,Search for Dubai Marina Yacht - Shared Tour-2,204,No Content,Xploria-Des 1-5,,true,,597,657,10,10,https://activity-api.dev.prod.zentrumhub.com/api/activity/f47f6b6e-9634-4c92-b741-8d2bc3db51d4/details,0,0,18
1774415556814,458,Search for Dubai Marina Yacht - Shared Tour-3,200,OK,Xploria-Des 1-1,text,true,,1124,1250,10,10,https://zentrumhub.us.auth0.com/authorize?client_id=2NpC7yW9aNZOytHhZwB3mobltwHvmG2L&scope=openid+profile+email&redirect_uri=https%3A%2F%2Factivity-xploria.lovable.app&prompt=none&response_type=code&response_mode=web_message&state=ZUZhTFFFTzd0Zks2dXk5aHRjcm5aR2ZVTHpETURzTVZhQkY3SkJmM2NmMQ%3D%3D&nonce=LkVKN2JUOVM0clVac0lCODJYbUMzMU1sZ3NxR2xzSUR4VmJ2QUJZWnZNLQ%3D%3D&code_challenge=p3EE2ylas71rv3o2aoAU1mINjOi2_IZF_SLv17IN7z0&code_challenge_method=S256&auth0Client=eyJuYW1lIjoiYXV0aDAtcmVhY3QiLCJ2ZXJzaW9uIjoiMi4yLjQifQ%3D%3D,458,0,43
1774415556952,390,Search for Dubai Marina Yacht - Shared Tour-3,200,OK,Xploria-Des 1-2,text,true,,1124,1250,10,10,https://zentrumhub.us.auth0.com/authorize?client_id=2NpC7yW9aNZOytHhZwB3mobltwHvmG2L&scope=openid+profile+email&redirect_uri=https%3A%2F%2Factivity-xploria.lovable.app&prompt=none&response_type=code&response_mode=web_message&state=ZUZhTFFFTzd0Zks2dXk5aHRjcm5aR2ZVTHpETURzTVZhQkY3SkJmM2NmMQ%3D%3D&nonce=LkVKN2JUOVM0clVac0lCODJYbUMzMU1sZ3NxR2xzSUR4VmJ2QUJZWnZNLQ%3D%3D&code_challenge=p3EE2ylas71rv3o2aoAU1mINjOi2_IZF_SLv17IN7z0&code_challenge_method=S256&auth0Client=eyJuYW1lIjoiYXV0aDAtcmVhY3QiLCJ2ZXJzaW9uIjoiMi4yLjQifQ%3D%3D,390,0,25
1774415557241,392,Search for Dubai Marina Yacht - Shared Tour-3,200,OK,Xploria-Des 1-6,text,true,,1124,1254,10,10,https://zentrumhub.us.auth0.com/authorize?client_id=2NpC7yW9aNZOytHhZwB3mobltwHvmG2L&scope=openid+profile+email&redirect_uri=https%3A%2F%2Factivity-xploria.lovable.app&prompt=none&response_type=code&response_mode=web_message&state=ZUZhTFFFTzd0Zks2dXk5aHRjcm5aR2ZVTHpETURzTVZhQkY3SkJmM2NmMQ%3D%3D&nonce=LkVKN2JUOVM0clVac0lCODJYbUMzMU1sZ3NxR2xzSUR4VmJ2QUJZWnZNLQ%3D%3D&code_challenge=p3EE2ylas71rv3o2aoAU1mINjOi2_IZF_SLv17IN7z0&code_challenge_method=S256&auth0Client=eyJuYW1lIjoiYXV0aDAtcmVhY3QiLCJ2ZXJzaW9uIjoiMi4yLjQifQ%3D%3D,392,0,29
1774415558090,344,Search for Dubai Marina Yacht - Shared Tour-3,200,OK,Xploria-Des 1-9,text,true,,1124,1254,10,10,https://zentrumhub.us.auth0.com/authorize?client_id=2NpC7yW9aNZOytHhZwB3mobltwHvmG2L&scope=openid+profile+email&redirect_uri=https%3A%2F%2Factivity-xploria.lovable.app&prompt=none&response_type=code&response_mode=web_message&state=ZUZhTFFFTzd0Zks2dXk5aHRjcm5aR2ZVTHpETURzTVZhQkY3SkJmM2NmMQ%3D%3D&nonce=LkVKN2JUOVM0clVac0lCODJYbUMzMU1sZ3NxR2xzSUR4VmJ2QUJZWnZNLQ%3D%3D&code_challenge=p3EE2ylas71rv3o2aoAU1mINjOi2_IZF_SLv17IN7z0&code_challenge_method=S256&auth0Client=eyJuYW1lIjoiYXV0aDAtcmVhY3QiLCJ2ZXJzaW9uIjoiMi4yLjQifQ%3D%3D,344,0,23
1774415558743,336,Search for Dubai Marina Yacht - Shared Tour-3,200,OK,Xploria-Des 1-8,text,true,,1124,1254,10,10,https://zentrumhub.us.auth0.com/authorize?client_id=2NpC7yW9aNZOytHhZwB3mobltwHvmG2L&scope=openid+profile+email&redirect_uri=https%3A%2F%2Factivity-xploria.lovable.app&prompt=none&response_type=code&response_mode=web_message&state=ZUZhTFFFTzd0Zks2dXk5aHRjcm5aR2ZVTHpETURzTVZhQkY3SkJmM2NmMQ%3D%3D&nonce=LkVKN2JUOVM0clVac0lCODJYbUMzMU1sZ3NxR2xzSUR4VmJ2QUJZWnZNLQ%3D%3D&code_challenge=p3EE2ylas71rv3o2aoAU1mINjOi2_IZF_SLv17IN7z0&code_challenge_method=S256&auth0Client=eyJuYW1lIjoiYXV0aDAtcmVhY3QiLCJ2ZXJzaW9uIjoiMi4yLjQifQ%3D%3D,336,0,26
1774415558743,379,Search for Dubai Marina Yacht - Shared Tour-3,200,OK,Xploria-Des 1-3,text,true,,1124,1266,10,10,https://zentrumhub.us.auth0.com/authorize?client_id=2NpC7yW9aNZOytHhZwB3mobltwHvmG2L&scope=openid+profile+email&redirect_uri=https%3A%2F%2Factivity-xploria.lovable.app&prompt=none&response_type=code&response_mode=web_message&state=ZUZhTFFFTzd0Zks2dXk5aHRjcm5aR2ZVTHpETURzTVZhQkY3SkJmM2NmMQ%3D%3D&nonce=LkVKN2JUOVM0clVac0lCODJYbUMzMU1sZ3NxR2xzSUR4VmJ2QUJZWnZNLQ%3D%3D&code_challenge=p3EE2ylas71rv3o2aoAU1mINjOi2_IZF_SLv17IN7z0&code_challenge_method=S256&auth0Client=eyJuYW1lIjoiYXV0aDAtcmVhY3QiLCJ2ZXJzaW9uIjoiMi4yLjQifQ%3D%3D,379,0,26
1774415559098,329,Search for Dubai Marina Yacht - Shared Tour-3,200,OK,Xploria-Des 1-7,text,true,,1124,1266,10,10,https://zentrumhub.us.auth0.com/authorize?client_id=2NpC7yW9aNZOytHhZwB3mobltwHvmG2L&scope=openid+profile+email&redirect_uri=https%3A%2F%2Factivity-xploria.lovable.app&prompt=none&response_type=code&response_mode=web_message&state=ZUZhTFFFTzd0Zks2dXk5aHRjcm5aR2ZVTHpETURzTVZhQkY3SkJmM2NmMQ%3D%3D&nonce=LkVKN2JUOVM0clVac0lCODJYbUMzMU1sZ3NxR2xzSUR4VmJ2QUJZWnZNLQ%3D%3D&code_challenge=p3EE2ylas71rv3o2aoAU1mINjOi2_IZF_SLv17IN7z0&code_challenge_method=S256&auth0Client=eyJuYW1lIjoiYXV0aDAtcmVhY3QiLCJ2ZXJzaW9uIjoiMi4yLjQifQ%3D%3D,329,0,25
1774415558743,719,Search for Dubai Marina Yacht - Shared Tour-3,200,OK,Xploria-Des 1-4,text,true,,1129,1254,10,10,https://zentrumhub.us.auth0.com/authorize?client_id=2NpC7yW9aNZOytHhZwB3mobltwHvmG2L&scope=openid+profile+email&redirect_uri=https%3A%2F%2Factivity-xploria.lovable.app&prompt=none&response_type=code&response_mode=web_message&state=ZUZhTFFFTzd0Zks2dXk5aHRjcm5aR2ZVTHpETURzTVZhQkY3SkJmM2NmMQ%3D%3D&nonce=LkVKN2JUOVM0clVac0lCODJYbUMzMU1sZ3NxR2xzSUR4VmJ2QUJZWnZNLQ%3D%3D&code_challenge=p3EE2ylas71rv3o2aoAU1mINjOi2_IZF_SLv17IN7z0&code_challenge_method=S256&auth0Client=eyJuYW1lIjoiYXV0aDAtcmVhY3QiLCJ2ZXJzaW9uIjoiMi4yLjQifQ%3D%3D,719,0,26
1774415560592,366,Search for Dubai Marina Yacht - Shared Tour-3,200,OK,Xploria-Des 1-10,text,true,,1124,1254,10,10,https://zentrumhub.us.auth0.com/authorize?client_id=2NpC7yW9aNZOytHhZwB3mobltwHvmG2L&scope=openid+profile+email&redirect_uri=https%3A%2F%2Factivity-xploria.lovable.app&prompt=none&response_type=code&response_mode=web_message&state=ZUZhTFFFTzd0Zks2dXk5aHRjcm5aR2ZVTHpETURzTVZhQkY3SkJmM2NmMQ%3D%3D&nonce=LkVKN2JUOVM0clVac0lCODJYbUMzMU1sZ3NxR2xzSUR4VmJ2QUJZWnZNLQ%3D%3D&code_challenge=p3EE2ylas71rv3o2aoAU1mINjOi2_IZF_SLv17IN7z0&code_challenge_method=S256&auth0Client=eyJuYW1lIjoiYXV0aDAtcmVhY3QiLCJ2ZXJzaW9uIjoiMi4yLjQifQ%3D%3D,366,0,24
1774415563364,331,Search for Dubai Marina Yacht - Shared Tour-3,200,OK,Xploria-Des 1-5,text,true,,1124,1262,10,10,https://zentrumhub.us.auth0.com/authorize?client_id=2NpC7yW9aNZOytHhZwB3mobltwHvmG2L&scope=openid+profile+email&redirect_uri=https%3A%2F%2Factivity-xploria.lovable.app&prompt=none&response_type=code&response_mode=web_message&state=ZUZhTFFFTzd0Zks2dXk5aHRjcm5aR2ZVTHpETURzTVZhQkY3SkJmM2NmMQ%3D%3D&nonce=LkVKN2JUOVM0clVac0lCODJYbUMzMU1sZ3NxR2xzSUR4VmJ2QUJZWnZNLQ%3D%3D&code_challenge=p3EE2ylas71rv3o2aoAU1mINjOi2_IZF_SLv17IN7z0&code_challenge_method=S256&auth0Client=eyJuYW1lIjoiYXV0aDAtcmVhY3QiLCJ2ZXJzaW9uIjoiMi4yLjQifQ%3D%3D,331,0,20
1774415587283,1020,Search for Dubai Marina Yacht - Shared Tour-4,200,OK,Xploria-Des 1-1,text,true,,884,876,10,10,https://activity-api.dev.prod.zentrumhub.com/api/activity/f47f6b6e-9634-4c92-b741-8d2bc3db51d4/details,1020,0,56
1774415587638,665,Search for Dubai Marina Yacht - Shared Tour-4,200,OK,Xploria-Des 1-6,text,true,,884,876,10,10,https://activity-api.dev.prod.zentrumhub.com/api/activity/f47f6b6e-9634-4c92-b741-8d2bc3db51d4/details,665,0,44
1774415587345,971,Search for Dubai Marina Yacht - Shared Tour-4,200,OK,Xploria-Des 1-2,text,true,,884,876,10,10,https://activity-api.dev.prod.zentrumhub.com/api/activity/f47f6b6e-9634-4c92-b741-8d2bc3db51d4/details,971,0,43
1774415588444,44,Search for Dubai Marina Yacht - Shared Tour-4,200,OK,Xploria-Des 1-9,text,true,,882,876,10,10,https://activity-api.dev.prod.zentrumhub.com/api/activity/f47f6b6e-9634-4c92-b741-8d2bc3db51d4/details,44,0,22
1774415589093,94,Search for Dubai Marina Yacht - Shared Tour-4,200,OK,Xploria-Des 1-8,text,true,,883,876,10,10,https://activity-api.dev.prod.zentrumhub.com/api/activity/f47f6b6e-9634-4c92-b741-8d2bc3db51d4/details,94,0,57
1774415589123,68,Search for Dubai Marina Yacht - Shared Tour-4,200,OK,Xploria-Des 1-3,text,true,,882,876,10,10,https://activity-api.dev.prod.zentrumhub.com/api/activity/f47f6b6e-9634-4c92-b741-8d2bc3db51d4/details,68,0,46
1774415589436,84,Search for Dubai Marina Yacht - Shared Tour-4,200,OK,Xploria-Des 1-7,text,true,,883,876,10,10,https://activity-api.dev.prod.zentrumhub.com/api/activity/f47f6b6e-9634-4c92-b741-8d2bc3db51d4/details,84,0,51
1774415589468,63,Search for Dubai Marina Yacht - Shared Tour-4,200,OK,Xploria-Des 1-4,text,true,,882,876,10,10,https://activity-api.dev.prod.zentrumhub.com/api/activity/f47f6b6e-9634-4c92-b741-8d2bc3db51d4/details,63,0,44
1774415590972,61,Search for Dubai Marina Yacht - Shared Tour-4,200,OK,Xploria-Des 1-10,text,true,,883,876,10,10,https://activity-api.dev.prod.zentrumhub.com/api/activity/f47f6b6e-9634-4c92-b741-8d2bc3db51d4/details,61,0,29
1774415593705,51,Search for Dubai Marina Yacht - Shared Tour-4,200,OK,Xploria-Des 1-5,text,true,,883,876,10,10,https://activity-api.dev.prod.zentrumhub.com/api/activity/f47f6b6e-9634-4c92-b741-8d2bc3db51d4/details,51,0,18
1774415618328,345,Search for Dubai Marina Yacht - Shared Tour-5,403,Forbidden,Xploria-Des 1-2,text,false,,893,1033,10,10,https://zentrumhub.us.auth0.com/oauth/token,345,0,29
1774415618312,361,Search for Dubai Marina Yacht - Shared Tour-5,403,Forbidden,Xploria-Des 1-6,text,false,,893,1037,10,10,https://zentrumhub.us.auth0.com/oauth/token,360,0,34
1774415618312,370,Search for Dubai Marina Yacht - Shared Tour-5,403,Forbidden,Xploria-Des 1-1,text,false,,893,1033,10,10,https://zentrumhub.us.auth0.com/oauth/token,370,0,34
1774415618500,360,Search for Dubai Marina Yacht - Shared Tour-5,403,Forbidden,Xploria-Des 1-9,text,false,,893,1037,10,10,https://zentrumhub.us.auth0.com/oauth/token,360,0,28
1774415619200,324,Search for Dubai Marina Yacht - Shared Tour-5,403,Forbidden,Xploria-Des 1-3,text,false,,893,1049,10,10,https://zentrumhub.us.auth0.com/oauth/token,324,0,25
1774415619200,358,Search for Dubai Marina Yacht - Shared Tour-5,403,Forbidden,Xploria-Des 1-8,text,false,,893,1037,10,10,https://zentrumhub.us.auth0.com/oauth/token,358,0,18
1774415619543,314,Search for Dubai Marina Yacht - Shared Tour-5,403,Forbidden,Xploria-Des 1-4,text,false,,893,1037,10,10,https://zentrumhub.us.auth0.com/oauth/token,314,0,19
1774415619528,334,Search for Dubai Marina Yacht - Shared Tour-5,403,Forbidden,Xploria-Des 1-7,text,false,,893,1049,10,10,https://zentrumhub.us.auth0.com/oauth/token,334,0,18
1774415621045,340,Search for Dubai Marina Yacht - Shared Tour-5,403,Forbidden,Xploria-Des 1-10,text,false,,893,1037,10,10,https://zentrumhub.us.auth0.com/oauth/token,340,0,18
1774415623765,308,Search for Dubai Marina Yacht - Shared Tour-5,403,Forbidden,Xploria-Des 1-5,text,false,,893,1045,10,10,https://zentrumhub.us.auth0.com/oauth/token,308,0,21
1774415648678,1769,Search for Dubai Marina Yacht - Shared Tour-6,200,OK,Xploria-Des 1-6,text,true,,341,1595,10,10,https://activity-xploria.lovable.app/~api/analytics,1769,0,38
1774415418656,3576,Search for Dubai Marina Yacht - Shared Tour,,"Number of samples in transaction : 6, number of failing samples : 1",Xploria-Des 1-6,,false,,5205,6381,10,10,null,3541,228216,194
1774415648867,1932,Search for Dubai Marina Yacht - Shared Tour-6,200,OK,Xploria-Des 1-9,text,true,,341,1594,10,10,https://activity-xploria.lovable.app/~api/analytics,1932,0,23
1774415649892,907,Search for Dubai Marina Yacht - Shared Tour-6,200,OK,Xploria-Des 1-7,text,true,,341,1595,10,10,https://activity-xploria.lovable.app/~api/analytics,907,0,33
1774415419487,3037,Search for Dubai Marina Yacht - Shared Tour,,"Number of samples in transaction : 6, number of failing samples : 1",Xploria-Des 1-9,,false,,5186,6379,10,10,null,3005,228276,138
1774415418796,3687,Search for Dubai Marina Yacht - Shared Tour,,"Number of samples in transaction : 6, number of failing samples : 1",Xploria-Des 1-7,,false,,5209,6405,10,10,null,3658,228317,378
1774415649566,1650,Search for Dubai Marina Yacht - Shared Tour-6,200,OK,Xploria-Des 1-8,text,true,,341,1595,10,10,https://activity-xploria.lovable.app/~api/analytics,1650,0,22
1774415419121,3781,Search for Dubai Marina Yacht - Shared Tour,,"Number of samples in transaction : 6, number of failing samples : 1",Xploria-Des 1-8,,false,,5171,6381,10,10,null,3753,228315,384
1774415649893,1426,Search for Dubai Marina Yacht - Shared Tour-6,200,OK,Xploria-Des 1-4,text,true,,341,1595,10,10,https://activity-xploria.lovable.app/~api/analytics,1426,0,32
1774415648693,2626,Search for Dubai Marina Yacht - Shared Tour-6,200,OK,Xploria-Des 1-1,text,true,,341,1594,10,10,https://activity-xploria.lovable.app/~api/analytics,2626,0,23
1774415649536,1783,Search for Dubai Marina Yacht - Shared Tour-6,200,OK,Xploria-Des 1-3,text,true,,341,1595,10,10,https://activity-xploria.lovable.app/~api/analytics,1783,0,20
1774415417286,5831,Search for Dubai Marina Yacht - Shared Tour,,"Number of samples in transaction : 6, number of failing samples : 1",Xploria-Des 1-3,,false,,5209,6405,10,10,null,5798,228204,2178
1774415416685,6396,Search for Dubai Marina Yacht - Shared Tour,,"Number of samples in transaction : 6, number of failing samples : 1",Xploria-Des 1-1,,false,,5175,6371,10,10,null,6337,228240,218
1774415418615,4370,Search for Dubai Marina Yacht - Shared Tour,,"Number of samples in transaction : 6, number of failing samples : 1",Xploria-Des 1-4,,false,,5190,6381,10,10,null,4344,228336,157
1774415648678,2761,Search for Dubai Marina Yacht - Shared Tour-6,200,OK,Xploria-Des 1-2,text,true,,341,1595,10,10,https://activity-xploria.lovable.app/~api/analytics,2761,0,38
1774415416643,6573,Search for Dubai Marina Yacht - Shared Tour,,"Number of samples in transaction : 6, number of failing samples : 1",Xploria-Des 1-2,,false,,5188,6373,10,10,null,6312,228225,179
1774415651398,1985,Search for Dubai Marina Yacht - Shared Tour-6,200,OK,Xploria-Des 1-10,text,true,,341,1595,10,10,https://activity-xploria.lovable.app/~api/analytics,1985,0,24
1774415421981,3108,Search for Dubai Marina Yacht - Shared Tour,,"Number of samples in transaction : 6, number of failing samples : 1",Xploria-Des 1-10,,false,,5192,6381,10,10,null,3078,228294,136
1774415654077,2221,Search for Dubai Marina Yacht - Shared Tour-6,200,OK,Xploria-Des 1-5,text,true,,341,1594,10,10,https://activity-xploria.lovable.app/~api/analytics,2221,0,20
1774415423084,4960,Search for Dubai Marina Yacht - Shared Tour,,"Number of samples in transaction : 6, number of failing samples : 1",Xploria-Des 1-5,,false,,5227,6395,10,10,null,4926,228254,118
1774415872779,910,Click on Sign Out-1,200,OK,Xploria-Des 1-8,text,true,,2418,1694,10,10,https://activity-xploria.lovable.app,329,0,31
1774415872053,1636,Click on Sign Out-1,200,OK,Xploria-Des 1-6,text,true,,2411,1694,10,10,https://activity-xploria.lovable.app,349,0,44
1774415872779,329,Click on Sign Out-1-0,302,Found,Xploria-Des 1-8,text,true,,752,929,10,10,https://zentrumhub.us.auth0.com/v2/logout?client_id=2NpC7yW9aNZOytHhZwB3mobltwHvmG2L&returnTo=https%3A%2F%2Factivity-xploria.lovable.app&auth0Client=eyJuYW1lIjoiYXV0aDAtcmVhY3QiLCJ2ZXJzaW9uIjoiMi4yLjQifQ%3D%3D,329,0,31
1774415873108,581,Click on Sign Out-1-1,200,OK,Xploria-Des 1-8,text,true,,1666,765,10,10,https://activity-xploria.lovable.app,580,0,22
1774415872053,349,Click on Sign Out-1-0,302,Found,Xploria-Des 1-6,text,true,,752,929,10,10,https://zentrumhub.us.auth0.com/v2/logout?client_id=2NpC7yW9aNZOytHhZwB3mobltwHvmG2L&returnTo=https%3A%2F%2Factivity-xploria.lovable.app&auth0Client=eyJuYW1lIjoiYXV0aDAtcmVhY3QiLCJ2ZXJzaW9uIjoiMi4yLjQifQ%3D%3D,349,0,44
1774415872405,1284,Click on Sign Out-1-1,200,OK,Xploria-Des 1-6,text,true,,1659,765,10,10,https://activity-xploria.lovable.app,1283,0,30
1774415872869,1127,Click on Sign Out-1,200,OK,Xploria-Des 1-1,text,true,,2391,1689,10,10,https://activity-xploria.lovable.app,324,0,21
1774415872869,324,Click on Sign Out-1-0,302,Found,Xploria-Des 1-1,text,true,,752,925,10,10,https://zentrumhub.us.auth0.com/v2/logout?client_id=2NpC7yW9aNZOytHhZwB3mobltwHvmG2L&returnTo=https%3A%2F%2Factivity-xploria.lovable.app&auth0Client=eyJuYW1lIjoiYXV0aDAtcmVhY3QiLCJ2ZXJzaW9uIjoiMi4yLjQifQ%3D%3D,324,0,21
1774415873193,803,Click on Sign Out-1-1,200,OK,Xploria-Des 1-1,text,true,,1639,764,10,10,https://activity-xploria.lovable.app,802,0,19
1774415872390,1606,Click on Sign Out-1,200,OK,Xploria-Des 1-7,text,true,,2434,1706,10,10,https://activity-xploria.lovable.app,339,0,26
1774415872390,339,Click on Sign Out-1-0,302,Found,Xploria-Des 1-7,text,true,,752,941,10,10,https://zentrumhub.us.auth0.com/v2/logout?client_id=2NpC7yW9aNZOytHhZwB3mobltwHvmG2L&returnTo=https%3A%2F%2Factivity-xploria.lovable.app&auth0Client=eyJuYW1lIjoiYXV0aDAtcmVhY3QiLCJ2ZXJzaW9uIjoiMi4yLjQifQ%3D%3D,339,0,26
1774415872730,1266,Click on Sign Out-1-1,200,OK,Xploria-Des 1-7,text,true,,1682,765,10,10,https://activity-xploria.lovable.app,1265,0,21
1774415872373,1623,Click on Sign Out-1,200,OK,Xploria-Des 1-9,text,true,,2442,1693,10,10,https://activity-xploria.lovable.app,358,0,30
1774415872373,358,Click on Sign Out-1-0,302,Found,Xploria-Des 1-9,text,true,,752,929,10,10,https://zentrumhub.us.auth0.com/v2/logout?client_id=2NpC7yW9aNZOytHhZwB3mobltwHvmG2L&returnTo=https%3A%2F%2Factivity-xploria.lovable.app&auth0Client=eyJuYW1lIjoiYXV0aDAtcmVhY3QiLCJ2ZXJzaW9uIjoiMi4yLjQifQ%3D%3D,358,0,30
1774415872731,1265,Click on Sign Out-1-1,200,OK,Xploria-Des 1-9,text,true,,1690,764,10,10,https://activity-xploria.lovable.app,1264,0,19
1774415873085,1393,Click on Sign Out-1,200,OK,Xploria-Des 1-2,text,true,,2407,1690,10,10,https://activity-xploria.lovable.app,299,0,24
1774415873085,299,Click on Sign Out-1-0,302,Found,Xploria-Des 1-2,text,true,,752,925,10,10,https://zentrumhub.us.auth0.com/v2/logout?client_id=2NpC7yW9aNZOytHhZwB3mobltwHvmG2L&returnTo=https%3A%2F%2Factivity-xploria.lovable.app&auth0Client=eyJuYW1lIjoiYXV0aDAtcmVhY3QiLCJ2ZXJzaW9uIjoiMi4yLjQifQ%3D%3D,299,0,24
1774415873384,1094,Click on Sign Out-1-1,200,OK,Xploria-Des 1-2,text,true,,1655,765,10,10,https://activity-xploria.lovable.app,1094,0,20
1774415872870,1607,Click on Sign Out-1,200,OK,Xploria-Des 1-4,text,true,,2419,1694,10,10,https://activity-xploria.lovable.app,314,0,19
1774415872870,314,Click on Sign Out-1-0,302,Found,Xploria-Des 1-4,text,true,,752,929,10,10,https://zentrumhub.us.auth0.com/v2/logout?client_id=2NpC7yW9aNZOytHhZwB3mobltwHvmG2L&returnTo=https%3A%2F%2Factivity-xploria.lovable.app&auth0Client=eyJuYW1lIjoiYXV0aDAtcmVhY3QiLCJ2ZXJzaW9uIjoiMi4yLjQifQ%3D%3D,314,0,19
1774415873184,1293,Click on Sign Out-1-1,200,OK,Xploria-Des 1-4,text,true,,1667,765,10,10,https://activity-xploria.lovable.app,1292,0,21
1774415872957,1555,Click on Sign Out-1,200,OK,Xploria-Des 1-3,text,true,,2411,1706,10,10,https://activity-xploria.lovable.app,299,0,24
1774415872957,299,Click on Sign Out-1-0,302,Found,Xploria-Des 1-3,text,true,,752,941,10,10,https://zentrumhub.us.auth0.com/v2/logout?client_id=2NpC7yW9aNZOytHhZwB3mobltwHvmG2L&returnTo=https%3A%2F%2Factivity-xploria.lovable.app&auth0Client=eyJuYW1lIjoiYXV0aDAtcmVhY3QiLCJ2ZXJzaW9uIjoiMi4yLjQifQ%3D%3D,299,0,24
1774415873256,1256,Click on Sign Out-1-1,200,OK,Xploria-Des 1-3,text,true,,1659,765,10,10,https://activity-xploria.lovable.app,1256,0,18
1774415874992,406,Click on Sign Out-1,200,OK,Xploria-Des 1-10,text,true,,2446,1694,10,10,https://activity-xploria.lovable.app,333,0,28
1774415874992,333,Click on Sign Out-1-0,302,Found,Xploria-Des 1-10,text,true,,752,929,10,10,https://zentrumhub.us.auth0.com/v2/logout?client_id=2NpC7yW9aNZOytHhZwB3mobltwHvmG2L&returnTo=https%3A%2F%2Factivity-xploria.lovable.app&auth0Client=eyJuYW1lIjoiYXV0aDAtcmVhY3QiLCJ2ZXJzaW9uIjoiMi4yLjQifQ%3D%3D,333,0,28
1774415875325,73,Click on Sign Out-1-1,200,OK,Xploria-Des 1-10,text,true,,1694,765,10,10,https://activity-xploria.lovable.app,72,0,21
1774415877867,386,Click on Sign Out-1,200,OK,Xploria-Des 1-5,text,true,,2369,1701,10,10,https://activity-xploria.lovable.app,328,0,24
1774415877867,329,Click on Sign Out-1-0,302,Found,Xploria-Des 1-5,text,true,,752,937,10,10,https://zentrumhub.us.auth0.com/v2/logout?client_id=2NpC7yW9aNZOytHhZwB3mobltwHvmG2L&returnTo=https%3A%2F%2Factivity-xploria.lovable.app&auth0Client=eyJuYW1lIjoiYXV0aDAtcmVhY3QiLCJ2ZXJzaW9uIjoiMi4yLjQifQ%3D%3D,328,0,24
1774415878196,57,Click on Sign Out-1-1,200,OK,Xploria-Des 1-5,text,true,,1617,764,10,10,https://activity-xploria.lovable.app,56,0,23
1774415903692,432,Click on Sign Out-2,200,OK,Xploria-Des 1-6,text,true,,1337,765,10,10,https://activity-xploria.lovable.app/,432,0,0
1774415650448,2068,Click on Sign Out,200,"Number of samples in transaction : 2, number of failing samples : 0",Xploria-Des 1-6,,true,,3748,2459,10,10,null,781,251608,44
1774415903692,436,Click on Sign Out-2,200,OK,Xploria-Des 1-8,text,true,,1350,765,10,10,https://activity-xploria.lovable.app/,436,0,0
1774415651217,1346,Click on Sign Out,200,"Number of samples in transaction : 2, number of failing samples : 0",Xploria-Des 1-8,,true,,3768,2459,10,10,null,765,251566,31
1774415904000,451,Click on Sign Out-2,200,OK,Xploria-Des 1-1,text,true,,1361,765,10,10,https://activity-xploria.lovable.app/,450,0,0
1774415651321,1578,Click on Sign Out,200,"Number of samples in transaction : 2, number of failing samples : 0",Xploria-Des 1-1,,true,,3752,2454,10,10,null,774,251552,21
1774415904000,456,Click on Sign Out-2,200,OK,Xploria-Des 1-9,text,true,,1372,765,10,10,https://activity-xploria.lovable.app/,455,0,0
1774415650800,2079,Click on Sign Out,200,"Number of samples in transaction : 2, number of failing samples : 0",Xploria-Des 1-9,,true,,3814,2458,10,10,null,813,251577,30
1774415904000,490,Click on Sign Out-2,200,OK,Xploria-Des 1-7,text,true,,1372,764,10,10,https://activity-xploria.lovable.app/,490,0,0
1774415650800,2096,Click on Sign Out,200,"Number of samples in transaction : 2, number of failing samples : 0",Xploria-Des 1-7,,true,,3806,2470,10,10,null,829,251594,26
1774415904484,456,Click on Sign Out-2,200,OK,Xploria-Des 1-2,text,true,,1366,765,10,10,https://activity-xploria.lovable.app/,454,0,0
1774415651441,1849,Click on Sign Out,200,"Number of samples in transaction : 2, number of failing samples : 0",Xploria-Des 1-2,,true,,3773,2455,10,10,null,753,251650,24
1774415904484,456,Click on Sign Out-2,200,OK,Xploria-Des 1-4,text,true,,1361,765,10,10,https://activity-xploria.lovable.app/,454,0,0
1774415651321,2063,Click on Sign Out,200,"Number of samples in transaction : 2, number of failing samples : 0",Xploria-Des 1-4,,true,,3780,2459,10,10,null,768,251557,19
1774415904515,450,Click on Sign Out-2,200,OK,Xploria-Des 1-3,text,true,,1354,764,10,10,https://activity-xploria.lovable.app/,450,0,0
1774415651321,2005,Click on Sign Out,200,"Number of samples in transaction : 2, number of failing samples : 0",Xploria-Des 1-3,,true,,3765,2470,10,10,null,749,251639,24
1774415905414,69,Click on Sign Out-2,200,OK,Xploria-Des 1-10,text,true,,1366,764,10,10,https://activity-xploria.lovable.app/,68,0,0
1774415653384,475,Click on Sign Out,200,"Number of samples in transaction : 2, number of failing samples : 0",Xploria-Des 1-10,,true,,3812,2458,10,10,null,401,251624,28
1774415908261,47,Click on Sign Out-2,200,OK,Xploria-Des 1-5,text,true,,1327,765,10,10,https://activity-xploria.lovable.app/,47,0,0
1774415656298,433,Click on Sign Out,200,"Number of samples in transaction : 2, number of failing samples : 0",Xploria-Des 1-5,,true,,3696,2466,10,10,null,375,251577,24
1774415940153,2086,Click on Sign Out-3,200,OK,Xploria-Des 1-8,text,true,,341,1119,10,10,https://activity-xploria.lovable.app/~api/analytics,2086,0,29
1774415940432,1807,Click on Sign Out-3,200,OK,Xploria-Des 1-1,text,true,,341,1119,10,10,https://activity-xploria.lovable.app/~api/analytics,1807,0,38
1774415904451,1807,Click on Sign Out,200,"Number of samples in transaction : 1, number of failing samples : 0",Xploria-Des 1-1,,true,,341,1119,10,10,null,1807,35982,38
1774415904129,2086,Click on Sign Out,200,"Number of samples in transaction : 1, number of failing samples : 0",Xploria-Des 1-8,,true,,341,1119,10,10,null,2086,36026,29
1774415940122,2393,Click on Sign Out-3,200,OK,Xploria-Des 1-6,text,true,,341,1119,8,8,https://activity-xploria.lovable.app/~api/analytics,2393,0,34
1774415940947,1568,Click on Sign Out-3,200,OK,Xploria-Des 1-2,text,true,,341,1119,8,8,https://activity-xploria.lovable.app/~api/analytics,1568,0,19
1774415904940,1568,Click on Sign Out,200,"Number of samples in transaction : 1, number of failing samples : 0",Xploria-Des 1-2,,true,,341,1119,8,8,null,1568,36007,19
1774415904124,2393,Click on Sign Out,200,"Number of samples in transaction : 1, number of failing samples : 0",Xploria-Des 1-6,,true,,341,1119,8,8,null,2393,35998,34
1774415940526,1990,Click on Sign Out-3,200,OK,Xploria-Des 1-7,text,true,,341,1118,6,6,https://activity-xploria.lovable.app/~api/analytics,1990,0,38
1774415904490,1990,Click on Sign Out,200,"Number of samples in transaction : 1, number of failing samples : 0",Xploria-Des 1-7,,true,,341,1118,6,6,null,1990,36037,38
1774415940978,1928,Click on Sign Out-3,200,OK,Xploria-Des 1-4,text,true,,341,1119,5,5,https://activity-xploria.lovable.app/~api/analytics,1928,0,18
1774415904941,1928,Click on Sign Out,200,"Number of samples in transaction : 1, number of failing samples : 0",Xploria-Des 1-4,,true,,341,1119,5,5,null,1928,36037,18
1774415940994,2205,Click on Sign Out-3,200,OK,Xploria-Des 1-3,text,true,,341,1118,4,4,https://activity-xploria.lovable.app/~api/analytics,2205,0,26
1774415904965,2205,Click on Sign Out,200,"Number of samples in transaction : 1, number of failing samples : 0",Xploria-Des 1-3,,true,,341,1118,4,4,null,2205,36029,26
1774415940464,2852,Click on Sign Out-3,200,OK,Xploria-Des 1-9,text,true,,341,1119,3,3,https://activity-xploria.lovable.app/~api/analytics,2852,0,1030
1774415941456,1860,Click on Sign Out-3,200,OK,Xploria-Des 1-10,text,true,,341,1118,3,3,https://activity-xploria.lovable.app/~api/analytics,1860,0,22
1774415905483,1860,Click on Sign Out,200,"Number of samples in transaction : 1, number of failing samples : 0",Xploria-Des 1-10,,true,,341,1118,3,3,null,1860,35973,22
1774415904456,2852,Click on Sign Out,200,"Number of samples in transaction : 1, number of failing samples : 0",Xploria-Des 1-9,,true,,341,1119,3,3,null,2852,36008,1030
1774415944340,1938,Click on Sign Out-3,200,OK,Xploria-Des 1-5,text,true,,341,1119,1,1,https://activity-xploria.lovable.app/~api/analytics,1938,0,35
1774415908309,1938,Click on Sign Out,200,"Number of samples in transaction : 1, number of failing samples : 0",Xploria-Des 1-5,,true,,341,1119,1,1,null,1938,36031,35
